{
  "structure": [
    {
      "neuron_num": 1,
      "bias": 1
    },
    {
      "neuron_num": 10,
      "bias": 1
    },
    {
      "neuron_num": 1,
      "bias": 1
    }
  ],

  "statistics": {
    "train_to_error": 0.001,
    "train_to_steps": 240000,
    "record_error_every": 10000
  },

  "metadata": {
    "scale_numbers": {
      "x_add": 1900,
      "x_times": 200,
      "y_add": 76094000,
      "y_times": 400000000
    },
    "data_title": "U.S. Population",
    "x_axis_label": "Year",
    "y_axis_label": "Population"
  },

  "train": {
    "input": [
      [0.495, 1],
      [0.49, 1],
      [0.485, 1],
      [0.48, 1],
      [0.475, 1],
      [0.47, 1],
      [0.465, 1],
      [0.46, 1],
      [0.455, 1],
      [0.45, 1],
      [0.445, 1],
      [0.44, 1],
      [0.435, 1],
      [0.43, 1],
      [0.425, 1],
      [0.42, 1],
      [0.415, 1],
      [0.41, 1],
      [0.405, 1],
      [0.4, 1],
      [0.395, 1],
      [0.39, 1],
      [0.385, 1],
      [0.38, 1],
      [0.375, 1],
      [0.37, 1],
      [0.365, 1],
      [0.36, 1],
      [0.355, 1],
      [0.35, 1],
      [0.345, 1],
      [0.34, 1],
      [0.335, 1],
      [0.33, 1],
      [0.325, 1],
      [0.32, 1],
      [0.315, 1],
      [0.31, 1],
      [0.305, 1],
      [0.3, 1],
      [0.295, 1],
      [0.29, 1],
      [0.285, 1],
      [0.28, 1],
      [0.275, 1],
      [0.27, 1],
      [0.265, 1],
      [0.26, 1],
      [0.255, 1],
      [0.25, 1],
      [0.245, 1],
      [0.24, 1],
      [0.235, 1],
      [0.23, 1],
      [0.225, 1],
      [0.22, 1],
      [0.215, 1],
      [0.21, 1],
      [0.205, 1],
      [0.2, 1],
      [0.195, 1],
      [0.19, 1],
      [0.185, 1],
      [0.18, 1],
      [0.175, 1],
      [0.17, 1],
      [0.165, 1],
      [0.16, 1],
      [0.155, 1],
      [0.15, 1],
      [0.145, 1],
      [0.14, 1],
      [0.135, 1],
      [0.13, 1],
      [0.125, 1],
      [0.12, 1],
      [0.115, 1],
      [0.11, 1],
      [0.105, 1],
      [0.1, 1],
      [0.095, 1],
      [0.09, 1],
      [0.085, 1],
      [0.08, 1],
      [0.075, 1],
      [0.07, 1],
      [0.065, 1],
      [0.06, 1],
      [0.055, 1],
      [0.05, 1],
      [0.045, 1],
      [0.04, 1],
      [0.035, 1],
      [0.03, 1],
      [0.025, 1],
      [0.02, 1],
      [0.015, 1],
      [0.01, 1],
      [0.005, 1],
      [0, 1]
    ],
    "output": [
      [0.4914920325],
      [0.4853850075],
      [0.4792240175],
      [0.47283643],
      [0.46677319],
      [0.4605825525],
      [0.45422152],
      [0.4473392475],
      [0.44014773],
      [0.43342599],
      [0.426813075],
      [0.421012455],
      [0.415487295],
      [0.4100972175],
      [0.4045744875],
      [0.399327255],
      [0.394244985],
      [0.388926145],
      [0.383429285],
      [0.3778267025],
      [0.3724037175],
      [0.3662263625],
      [0.3603635625],
      [0.35485291],
      [0.3496979975],
      [0.34439982],
      [0.33953697],
      [0.3345050525],
      [0.3289166925],
      [0.322395435],
      [0.316457365],
      [0.31153013],
      [0.30654514],
      [0.301165845],
      [0.2955224075],
      [0.2894869775],
      [0.282869495],
      [0.2761093425],
      [0.2689937025],
      [0.261442895],
      [0.25433907],
      [0.24696976],
      [0.239725325],
      [0.2320225775],
      [0.224593005],
      [0.217329635],
      [0.21022548],
      [0.20364685],
      [0.1969597225],
      [0.1904435425],
      [0.182735325],
      [0.176343255],
      [0.1700801775],
      [0.163236415],
      [0.1595854125],
      [0.1557583625],
      [0.1516133825],
      [0.1469138825],
      [0.1432711775],
      [0.140071115],
      [0.136964295],
      [0.1343273475],
      [0.1318270725],
      [0.12989795],
      [0.12789058],
      [0.1256994325],
      [0.1237119075],
      [0.1218661775],
      [0.11986412],
      [0.1174568525],
      [0.1141825],
      [0.1110375],
      [0.1073525],
      [0.1032575],
      [0.0993375],
      [0.0950375],
      [0.0896325],
      [0.0848875],
      [0.08111],
      [0.0759175],
      [0.07105],
      [0.067785],
      [0.067935],
      [0.0646675],
      [0.06113],
      [0.0575425],
      [0.0528275],
      [0.0481025],
      [0.0444225],
      [0.0407825],
      [0.03599],
      [0.03154],
      [0.027285],
      [0.02339],
      [0.01932],
      [0.01518],
      [0.011345],
      [0.0076725],
      [0.003725],
      [0]
    ]
  },

  "test": {
    "input": [
      0.57
    ],
    "output": [
      0.606915
    ]
  }
}